imagen,condicion,NIQE
low-resolution-photographs_img1,Original degradada,2.791904713728836
low-resolution-photographs_img1,Pipeline preentrenado,3.6336461249699554
low-resolution-photographs_img1,Pipeline ajustado,4.107512283459231
low-resolution-photographs_img108,Original degradada,3.568357320462468
low-resolution-photographs_img108,Pipeline preentrenado,6.49334293758508
low-resolution-photographs_img108,Pipeline ajustado,6.1476057368423564
low-resolution-photographs_img109,Original degradada,3.9690414631302176
low-resolution-photographs_img109,Pipeline preentrenado,7.0506043894226975
low-resolution-photographs_img109,Pipeline ajustado,6.676851483630387
low-resolution-photographs_img11,Original degradada,3.0516005406999933
low-resolution-photographs_img11,Pipeline preentrenado,3.061856262850343
low-resolution-photographs_img11,Pipeline ajustado,3.039975300322772
low-resolution-photographs_img110,Original degradada,5.7564490188590165
low-resolution-photographs_img110,Pipeline preentrenado,2.9597911605177183
low-resolution-photographs_img110,Pipeline ajustado,2.96749167611855
low-resolution-photographs_img115,Original degradada,8.954204751766412
low-resolution-photographs_img115,Pipeline preentrenado,2.760004330679342
low-resolution-photographs_img115,Pipeline ajustado,3.3882201836950325
low-resolution-photographs_img116,Original degradada,22.25773529458667
low-resolution-photographs_img116,Pipeline preentrenado,4.849826454042067
low-resolution-photographs_img116,Pipeline ajustado,5.402455076127231
low-resolution-photographs_img117,Original degradada,7.688185007809301
low-resolution-photographs_img117,Pipeline preentrenado,5.788720873628795
low-resolution-photographs_img117,Pipeline ajustado,6.640408383866264
low-resolution-photographs_img12,Original degradada,3.0020749464653247
low-resolution-photographs_img12,Pipeline preentrenado,3.632299880674991
low-resolution-photographs_img12,Pipeline ajustado,3.9932100376964543
low-resolution-photographs_img125,Original degradada,5.837497627507053
low-resolution-photographs_img125,Pipeline preentrenado,2.8147099232578343
low-resolution-photographs_img125,Pipeline ajustado,3.037485830808402
low-resolution-photographs_img128,Original degradada,6.253749697034268
low-resolution-photographs_img128,Pipeline preentrenado,4.413189738777939
low-resolution-photographs_img128,Pipeline ajustado,4.422798857905032
low-resolution-photographs_img129,Original degradada,8.861618384538254
low-resolution-photographs_img129,Pipeline preentrenado,3.8602048874346813
low-resolution-photographs_img129,Pipeline ajustado,4.115203738383534
low-resolution-photographs_img130,Original degradada,7.2090836694841816
low-resolution-photographs_img130,Pipeline preentrenado,3.773593381015206
low-resolution-photographs_img130,Pipeline ajustado,4.2225816203800965
low-resolution-photographs_img132,Original degradada,5.253593385021425
low-resolution-photographs_img132,Pipeline preentrenado,2.623926728862704
low-resolution-photographs_img132,Pipeline ajustado,3.0671674137401905
low-resolution-photographs_img133,Original degradada,45.55219970722936
low-resolution-photographs_img133,Pipeline preentrenado,3.662784050740696
low-resolution-photographs_img133,Pipeline ajustado,3.7326988425179244
low-resolution-photographs_img134,Original degradada,15.860562053827998
low-resolution-photographs_img134,Pipeline preentrenado,3.288663805138969
low-resolution-photographs_img134,Pipeline ajustado,3.6171208105054613
low-resolution-photographs_img135,Original degradada,12.45003858989832
low-resolution-photographs_img135,Pipeline preentrenado,4.134775011746102
low-resolution-photographs_img135,Pipeline ajustado,4.332159162510536
low-resolution-photographs_img136,Original degradada,14.887886117165523
low-resolution-photographs_img136,Pipeline preentrenado,3.026267279884312
low-resolution-photographs_img136,Pipeline ajustado,3.291578553007457
low-resolution-photographs_img139,Original degradada,10.703762906643368
low-resolution-photographs_img139,Pipeline preentrenado,3.9783439511180116
low-resolution-photographs_img139,Pipeline ajustado,4.4005056534668405
low-resolution-photographs_img140,Original degradada,27.82292819918744
low-resolution-photographs_img140,Pipeline preentrenado,4.549926591219405
low-resolution-photographs_img140,Pipeline ajustado,4.650349033853369
low-resolution-photographs_img142,Original degradada,6.251946373099269
low-resolution-photographs_img142,Pipeline preentrenado,2.4318919590325656
low-resolution-photographs_img142,Pipeline ajustado,2.474825751584986
low-resolution-photographs_img143,Original degradada,6.393593249985956
low-resolution-photographs_img143,Pipeline preentrenado,3.4074101378951136
low-resolution-photographs_img143,Pipeline ajustado,3.6546773601026605
low-resolution-photographs_img144,Original degradada,5.364638059136381
low-resolution-photographs_img144,Pipeline preentrenado,4.650125338758957
low-resolution-photographs_img144,Pipeline ajustado,4.862930156300237
low-resolution-photographs_img145,Original degradada,9.765627700161547
low-resolution-photographs_img145,Pipeline preentrenado,4.6844535641625065
low-resolution-photographs_img145,Pipeline ajustado,4.869650856821247
low-resolution-photographs_img146,Original degradada,5.32814626113735
low-resolution-photographs_img146,Pipeline preentrenado,4.760262153697446
low-resolution-photographs_img146,Pipeline ajustado,4.5466562503285655
low-resolution-photographs_img148,Original degradada,12.529330789138731
low-resolution-photographs_img148,Pipeline preentrenado,11.662237246482015
low-resolution-photographs_img148,Pipeline ajustado,12.220314871561758
low-resolution-photographs_img149,Original degradada,12.766002193749346
low-resolution-photographs_img149,Pipeline preentrenado,12.883694477323097
low-resolution-photographs_img149,Pipeline ajustado,12.097366194563776
low-resolution-photographs_img150,Original degradada,12.322084234296712
low-resolution-photographs_img150,Pipeline preentrenado,14.091011922605555
low-resolution-photographs_img150,Pipeline ajustado,12.957483781892174
low-resolution-photographs_img152,Original degradada,7.989023543398088
low-resolution-photographs_img152,Pipeline preentrenado,8.06194413638425
low-resolution-photographs_img152,Pipeline ajustado,8.551532482870284
low-resolution-photographs_img153,Original degradada,8.18699279674009
low-resolution-photographs_img153,Pipeline preentrenado,9.433428063602438
low-resolution-photographs_img153,Pipeline ajustado,10.11731519650928
low-resolution-photographs_img154,Original degradada,7.984241760561335
low-resolution-photographs_img154,Pipeline preentrenado,5.826152254471942
low-resolution-photographs_img154,Pipeline ajustado,5.909933113870677
low-resolution-photographs_img155,Original degradada,12.19430317875498
low-resolution-photographs_img155,Pipeline preentrenado,6.574647535433999
low-resolution-photographs_img155,Pipeline ajustado,5.8096866036106105
low-resolution-photographs_img157,Original degradada,10.045307651323844
low-resolution-photographs_img157,Pipeline preentrenado,5.446084280968382
low-resolution-photographs_img157,Pipeline ajustado,6.456350163251531
low-resolution-photographs_img158,Original degradada,8.469663221064021
low-resolution-photographs_img158,Pipeline preentrenado,3.0747401216047203
low-resolution-photographs_img158,Pipeline ajustado,3.5794893147702282
low-resolution-photographs_img159,Original degradada,4.517614178216736
low-resolution-photographs_img159,Pipeline preentrenado,3.1342273139039487
low-resolution-photographs_img159,Pipeline ajustado,3.495260250262852
low-resolution-photographs_img161,Original degradada,11.406680234665389
low-resolution-photographs_img161,Pipeline preentrenado,6.81961680599929
low-resolution-photographs_img161,Pipeline ajustado,8.629448137707255
low-resolution-photographs_img162,Original degradada,15.21451809939971
low-resolution-photographs_img162,Pipeline preentrenado,10.40185613617109
low-resolution-photographs_img162,Pipeline ajustado,9.907027432051144
low-resolution-photographs_img163,Original degradada,14.65139318695903
low-resolution-photographs_img163,Pipeline preentrenado,8.13566038191316
low-resolution-photographs_img163,Pipeline ajustado,8.542446826443722
low-resolution-photographs_img164,Original degradada,3.330081184205116
low-resolution-photographs_img164,Pipeline preentrenado,3.498286097973322
low-resolution-photographs_img164,Pipeline ajustado,3.82378578019972
low-resolution-photographs_img173,Original degradada,8.772430649400773
low-resolution-photographs_img173,Pipeline preentrenado,2.8331132101445724
low-resolution-photographs_img173,Pipeline ajustado,2.953302912353002
low-resolution-photographs_img179,Original degradada,3.189186908443594
low-resolution-photographs_img179,Pipeline preentrenado,3.7933632321600905
low-resolution-photographs_img179,Pipeline ajustado,3.7314043924426
low-resolution-photographs_img18,Original degradada,3.1590831545630027
low-resolution-photographs_img18,Pipeline preentrenado,3.7202084874116097
low-resolution-photographs_img18,Pipeline ajustado,3.6740706600825503
low-resolution-photographs_img20,Original degradada,4.748314670055763
low-resolution-photographs_img20,Pipeline preentrenado,6.058839268134378
low-resolution-photographs_img20,Pipeline ajustado,4.944555267606985
low-resolution-photographs_img22,Original degradada,4.081594139088485
low-resolution-photographs_img22,Pipeline preentrenado,3.0404609002451606
low-resolution-photographs_img22,Pipeline ajustado,3.300785984083017
low-resolution-photographs_img23,Original degradada,4.197388722845459
low-resolution-photographs_img23,Pipeline preentrenado,3.662916763765874
low-resolution-photographs_img23,Pipeline ajustado,3.656051760197981
low-resolution-photographs_img24,Original degradada,3.755872590316966
low-resolution-photographs_img24,Pipeline preentrenado,3.93756373438356
low-resolution-photographs_img24,Pipeline ajustado,4.135993059759799
low-resolution-photographs_img25,Original degradada,5.651479225307342
low-resolution-photographs_img25,Pipeline preentrenado,3.0367304328705593
low-resolution-photographs_img25,Pipeline ajustado,3.8258558129648486
low-resolution-photographs_img3,Original degradada,5.385950426647514
low-resolution-photographs_img3,Pipeline preentrenado,8.40775027489173
low-resolution-photographs_img3,Pipeline ajustado,8.05282350238852
low-resolution-photographs_img34,Original degradada,2.6680643081296243
low-resolution-photographs_img34,Pipeline preentrenado,3.0753677195994733
low-resolution-photographs_img34,Pipeline ajustado,3.348724451340927
low-resolution-photographs_img37,Original degradada,3.0821054025746557
low-resolution-photographs_img37,Pipeline preentrenado,2.9284944327205658
low-resolution-photographs_img37,Pipeline ajustado,3.211092819934304
low-resolution-photographs_img38,Original degradada,3.0760594980873086
low-resolution-photographs_img38,Pipeline preentrenado,4.374526426042599
low-resolution-photographs_img38,Pipeline ajustado,5.204230475386935
low-resolution-photographs_img40,Original degradada,3.1109363799474195
low-resolution-photographs_img40,Pipeline preentrenado,3.8728429855945574
low-resolution-photographs_img40,Pipeline ajustado,4.358447404221408
low-resolution-photographs_img6,Original degradada,4.61269149817273
low-resolution-photographs_img6,Pipeline preentrenado,3.4031213688506807
low-resolution-photographs_img6,Pipeline ajustado,3.750887401643659
low-resolution-photographs_img98,Original degradada,2.67362830485956
low-resolution-photographs_img98,Pipeline preentrenado,3.8741811548755694
low-resolution-photographs_img98,Pipeline ajustado,4.144616810298061
